series_id,surface
0,soft_pvc
1,hard_tiles_large_space
2,concrete
3,wood
4,concrete
5,soft_pvc
6,wood
7,tiled
8,soft_tiles
9,soft_pvc
10,wood
11,soft_pvc
12,wood
13,concrete
14,soft_tiles
15,tiled
16,soft_pvc
17,soft_pvc
18,concrete
19,soft_pvc
20,tiled
21,fine_concrete
22,soft_tiles
23,concrete
24,hard_tiles_large_space
25,fine_concrete
26,soft_tiles
27,concrete
28,wood
29,soft_tiles
30,concrete
31,soft_pvc
32,soft_pvc
33,tiled
34,tiled
35,fine_concrete
36,soft_pvc
37,wood
38,wood
39,concrete
40,hard_tiles_large_space
41,soft_tiles
42,soft_pvc
43,hard_tiles_large_space
44,hard_tiles_large_space
45,wood
46,tiled
47,tiled
48,tiled
49,soft_tiles
50,concrete
51,hard_tiles_large_space
52,concrete
53,soft_pvc
54,carpet
55,concrete
56,soft_tiles
57,tiled
58,soft_tiles
59,soft_pvc
60,concrete
61,hard_tiles_large_space
62,concrete
63,wood
64,tiled
65,tiled
66,concrete
67,soft_tiles
68,concrete
69,concrete
70,tiled
71,soft_pvc
72,soft_pvc
73,soft_tiles
74,concrete
75,soft_pvc
76,soft_tiles
77,soft_tiles
78,soft_pvc
79,concrete
80,wood
81,fine_concrete
82,concrete
83,soft_tiles
84,tiled
85,soft_pvc
86,soft_pvc
87,soft_pvc
88,tiled
89,soft_pvc
90,concrete
91,wood
92,concrete
93,wood
94,fine_concrete
95,wood
96,soft_tiles
97,wood
98,soft_pvc
99,tiled
100,soft_pvc
101,soft_pvc
102,soft_tiles
103,tiled
104,concrete
105,soft_tiles
106,tiled
107,tiled
108,concrete
109,concrete
110,concrete
111,wood
112,concrete
113,carpet
114,tiled
115,wood
116,concrete
117,wood
118,soft_tiles
119,tiled
120,concrete
121,soft_tiles
122,soft_pvc
123,concrete
124,hard_tiles_large_space
125,carpet
126,hard_tiles_large_space
127,wood
128,concrete
129,soft_tiles
130,soft_pvc
131,tiled
132,hard_tiles_large_space
133,tiled
134,tiled
135,tiled
136,concrete
137,soft_pvc
138,concrete
139,fine_concrete
140,soft_pvc
141,carpet
142,concrete
143,tiled
144,tiled
145,soft_pvc
146,concrete
147,concrete
148,wood
149,tiled
150,tiled
151,tiled
152,soft_tiles
153,wood
154,soft_pvc
155,concrete
156,fine_concrete
157,concrete
158,soft_tiles
159,wood
160,soft_pvc
161,hard_tiles_large_space
162,concrete
163,wood
164,hard_tiles_large_space
165,soft_tiles
166,soft_tiles
167,wood
168,hard_tiles_large_space
169,concrete
170,concrete
171,soft_pvc
172,soft_pvc
173,wood
174,soft_tiles
175,soft_pvc
176,wood
177,concrete
178,soft_pvc
179,wood
180,soft_tiles
181,concrete
182,soft_pvc
183,soft_pvc
184,soft_pvc
185,concrete
186,soft_pvc
187,concrete
188,hard_tiles_large_space
189,hard_tiles_large_space
190,soft_pvc
191,concrete
192,concrete
193,soft_pvc
194,concrete
195,fine_concrete
196,hard_tiles_large_space
197,soft_tiles
198,tiled
199,soft_tiles
200,concrete
201,wood
202,tiled
203,concrete
204,concrete
205,hard_tiles_large_space
206,soft_pvc
207,tiled
208,wood
209,concrete
210,concrete
211,soft_pvc
212,concrete
213,soft_pvc
214,wood
215,fine_concrete
216,concrete
217,carpet
218,carpet
219,soft_pvc
220,concrete
221,soft_pvc
222,concrete
223,soft_tiles
224,tiled
225,soft_pvc
226,concrete
227,concrete
228,soft_pvc
229,wood
230,concrete
231,soft_pvc
232,concrete
233,concrete
234,soft_pvc
235,tiled
236,soft_tiles
237,wood
238,concrete
239,wood
240,soft_tiles
241,concrete
242,soft_pvc
243,concrete
244,concrete
245,hard_tiles_large_space
246,concrete
247,wood
248,concrete
249,soft_tiles
250,soft_pvc
251,fine_concrete
252,hard_tiles_large_space
253,tiled
254,concrete
255,fine_concrete
256,soft_tiles
257,tiled
258,tiled
259,wood
260,wood
261,concrete
262,soft_tiles
263,soft_pvc
264,tiled
265,fine_concrete
266,concrete
267,concrete
268,wood
269,hard_tiles_large_space
270,soft_pvc
271,concrete
272,concrete
273,hard_tiles_large_space
274,concrete
275,fine_concrete
276,soft_tiles
277,concrete
278,soft_tiles
279,tiled
280,wood
281,hard_tiles_large_space
282,wood
283,tiled
284,soft_pvc
285,carpet
286,wood
287,concrete
288,hard_tiles_large_space
289,soft_pvc
290,hard_tiles_large_space
291,fine_concrete
292,concrete
293,concrete
294,soft_tiles
295,soft_tiles
296,soft_pvc
297,concrete
298,soft_tiles
299,concrete
300,concrete
301,concrete
302,tiled
303,soft_tiles
304,soft_pvc
305,concrete
306,soft_tiles
307,hard_tiles_large_space
308,wood
309,soft_tiles
310,wood
311,soft_tiles
312,soft_pvc
313,fine_concrete
314,soft_tiles
315,soft_pvc
316,wood
317,concrete
318,wood
319,soft_pvc
320,soft_pvc
321,soft_pvc
322,soft_pvc
323,hard_tiles_large_space
324,hard_tiles_large_space
325,fine_concrete
326,hard_tiles_large_space
327,soft_tiles
328,hard_tiles_large_space
329,concrete
330,soft_pvc
331,concrete
332,soft_pvc
333,concrete
334,soft_pvc
335,concrete
336,soft_tiles
337,soft_pvc
338,carpet
339,soft_tiles
340,tiled
341,concrete
342,concrete
343,soft_pvc
344,fine_concrete
345,soft_pvc
346,fine_concrete
347,concrete
348,soft_pvc
349,soft_tiles
350,concrete
351,wood
352,fine_concrete
353,wood
354,concrete
355,concrete
356,soft_tiles
357,soft_tiles
358,wood
359,wood
360,soft_tiles
361,concrete
362,wood
363,soft_pvc
364,hard_tiles_large_space
365,fine_concrete
366,wood
367,soft_pvc
368,soft_pvc
369,tiled
370,hard_tiles_large_space
371,hard_tiles_large_space
372,tiled
373,soft_pvc
374,soft_pvc
375,hard_tiles_large_space
376,soft_tiles
377,wood
378,tiled
379,fine_concrete
380,hard_tiles_large_space
381,soft_pvc
382,soft_tiles
383,wood
384,soft_pvc
385,soft_tiles
386,soft_pvc
387,wood
388,concrete
389,tiled
390,soft_pvc
391,soft_pvc
392,fine_concrete
393,concrete
394,soft_tiles
395,carpet
396,hard_tiles_large_space
397,concrete
398,soft_pvc
399,wood
400,soft_pvc
401,wood
402,tiled
403,soft_tiles
404,tiled
405,concrete
406,soft_tiles
407,soft_tiles
408,concrete
409,hard_tiles_large_space
410,tiled
411,wood
412,hard_tiles_large_space
413,soft_tiles
414,concrete
415,tiled
416,soft_tiles
417,concrete
418,concrete
419,soft_pvc
420,soft_pvc
421,soft_pvc
422,soft_pvc
423,concrete
424,wood
425,wood
426,concrete
427,concrete
428,fine_concrete
429,soft_tiles
430,carpet
431,soft_tiles
432,tiled
433,concrete
434,soft_pvc
435,soft_pvc
436,wood
437,soft_tiles
438,concrete
439,soft_pvc
440,soft_pvc
441,hard_tiles_large_space
442,carpet
443,concrete
444,tiled
445,concrete
446,hard_tiles_large_space
447,carpet
448,soft_pvc
449,concrete
450,concrete
451,wood
452,concrete
453,concrete
454,concrete
455,wood
456,concrete
457,wood
458,tiled
459,fine_concrete
460,hard_tiles_large_space
461,tiled
462,tiled
463,wood
464,tiled
465,fine_concrete
466,soft_pvc
467,hard_tiles_large_space
468,soft_pvc
469,concrete
470,concrete
471,concrete
472,tiled
473,concrete
474,soft_pvc
475,tiled
476,tiled
477,soft_pvc
478,concrete
479,soft_pvc
480,hard_tiles_large_space
481,concrete
482,wood
483,wood
484,fine_concrete
485,concrete
486,soft_pvc
487,soft_pvc
488,concrete
489,concrete
490,soft_tiles
491,hard_tiles_large_space
492,soft_pvc
493,hard_tiles_large_space
494,soft_pvc
495,hard_tiles_large_space
496,soft_pvc
497,soft_tiles
498,soft_tiles
499,wood
500,soft_pvc
501,concrete
502,fine_concrete
503,wood
504,hard_tiles_large_space
505,hard_tiles_large_space
506,concrete
507,hard_tiles_large_space
508,concrete
509,soft_pvc
510,tiled
511,tiled
512,wood
513,wood
514,concrete
515,concrete
516,concrete
517,concrete
518,concrete
519,soft_pvc
520,soft_pvc
521,soft_pvc
522,hard_tiles_large_space
523,soft_tiles
524,fine_concrete
525,fine_concrete
526,wood
527,tiled
528,wood
529,soft_pvc
530,soft_pvc
531,concrete
532,wood
533,soft_tiles
534,concrete
535,wood
536,concrete
537,soft_tiles
538,wood
539,soft_tiles
540,concrete
541,concrete
542,carpet
543,tiled
544,wood
545,concrete
546,hard_tiles_large_space
547,hard_tiles_large_space
548,carpet
549,soft_pvc
550,soft_tiles
551,tiled
552,concrete
553,wood
554,concrete
555,concrete
556,wood
557,soft_pvc
558,soft_pvc
559,tiled
560,wood
561,concrete
562,concrete
563,soft_pvc
564,soft_tiles
565,wood
566,concrete
567,soft_tiles
568,concrete
569,soft_tiles
570,soft_pvc
571,concrete
572,concrete
573,carpet
574,soft_tiles
575,hard_tiles_large_space
576,tiled
577,concrete
578,soft_tiles
579,wood
580,concrete
581,tiled
582,soft_pvc
583,wood
584,concrete
585,concrete
586,tiled
587,tiled
588,soft_tiles
589,soft_pvc
590,wood
591,soft_tiles
592,soft_pvc
593,soft_tiles
594,wood
595,soft_pvc
596,soft_pvc
597,hard_tiles_large_space
598,tiled
599,hard_tiles_large_space
600,concrete
601,wood
602,concrete
603,tiled
604,wood
605,concrete
606,concrete
607,soft_pvc
608,tiled
609,hard_tiles_large_space
610,concrete
611,concrete
612,wood
613,tiled
614,concrete
615,soft_pvc
616,concrete
617,soft_pvc
618,soft_pvc
619,wood
620,concrete
621,concrete
622,fine_concrete
623,tiled
624,soft_pvc
625,concrete
626,tiled
627,fine_concrete
628,soft_pvc
629,tiled
630,hard_tiles_large_space
631,tiled
632,concrete
633,tiled
634,tiled
635,wood
636,fine_concrete
637,tiled
638,concrete
639,soft_pvc
640,soft_tiles
641,wood
642,concrete
643,soft_pvc
644,soft_pvc
645,hard_tiles_large_space
646,soft_tiles
647,concrete
648,tiled
649,soft_tiles
650,soft_pvc
651,soft_tiles
652,wood
653,hard_tiles_large_space
654,concrete
655,wood
656,soft_pvc
657,soft_tiles
658,soft_tiles
659,fine_concrete
660,tiled
661,concrete
662,soft_tiles
663,soft_pvc
664,concrete
665,concrete
666,tiled
667,wood
668,fine_concrete
669,fine_concrete
670,soft_tiles
671,soft_pvc
672,soft_pvc
673,soft_pvc
674,tiled
675,soft_pvc
676,soft_pvc
677,soft_pvc
678,soft_tiles
679,hard_tiles_large_space
680,concrete
681,concrete
682,concrete
683,soft_pvc
684,concrete
685,tiled
686,wood
687,concrete
688,tiled
689,fine_concrete
690,hard_tiles_large_space
691,wood
692,soft_pvc
693,tiled
694,concrete
695,hard_tiles_large_space
696,tiled
697,tiled
698,soft_pvc
699,wood
700,soft_pvc
701,wood
702,tiled
703,wood
704,tiled
705,fine_concrete
706,concrete
707,soft_pvc
708,tiled
709,concrete
710,tiled
711,concrete
712,soft_pvc
713,concrete
714,soft_pvc
715,tiled
716,wood
717,soft_tiles
718,concrete
719,hard_tiles_large_space
720,tiled
721,soft_pvc
722,concrete
723,wood
724,soft_pvc
725,soft_pvc
726,wood
727,concrete
728,tiled
729,soft_tiles
730,wood
731,tiled
732,concrete
733,hard_tiles_large_space
734,wood
735,tiled
736,soft_pvc
737,concrete
738,concrete
739,concrete
740,fine_concrete
741,soft_tiles
742,soft_tiles
743,tiled
744,wood
745,concrete
746,soft_tiles
747,wood
748,soft_tiles
749,hard_tiles_large_space
750,hard_tiles_large_space
751,wood
752,concrete
753,fine_concrete
754,wood
755,wood
756,tiled
757,wood
758,concrete
759,concrete
760,wood
761,concrete
762,hard_tiles_large_space
763,tiled
764,wood
765,tiled
766,hard_tiles_large_space
767,fine_concrete
768,tiled
769,tiled
770,soft_tiles
771,carpet
772,hard_tiles_large_space
773,soft_pvc
774,fine_concrete
775,soft_pvc
776,soft_pvc
777,wood
778,soft_tiles
779,soft_tiles
780,tiled
781,soft_pvc
782,soft_tiles
783,concrete
784,hard_tiles_large_space
785,soft_tiles
786,soft_pvc
787,hard_tiles_large_space
788,hard_tiles_large_space
789,soft_pvc
790,soft_tiles
791,tiled
792,soft_pvc
793,soft_pvc
794,soft_pvc
795,soft_tiles
796,soft_pvc
797,soft_pvc
798,soft_pvc
799,soft_pvc
800,soft_pvc
801,wood
802,soft_tiles
803,concrete
804,soft_pvc
805,tiled
806,hard_tiles_large_space
807,wood
808,wood
809,hard_tiles_large_space
810,tiled
811,soft_tiles
812,concrete
813,soft_pvc
814,soft_pvc
815,soft_pvc
816,wood
817,tiled
818,soft_pvc
819,wood
820,wood
821,soft_tiles
822,concrete
823,carpet
824,hard_tiles_large_space
825,soft_pvc
826,wood
827,soft_pvc
828,fine_concrete
829,soft_pvc
830,wood
831,soft_tiles
832,tiled
833,tiled
834,concrete
835,soft_pvc
836,tiled
837,soft_pvc
838,fine_concrete
839,wood
840,wood
841,wood
842,hard_tiles_large_space
843,hard_tiles_large_space
844,soft_pvc
845,wood
846,wood
847,concrete
848,concrete
849,carpet
850,fine_concrete
851,concrete
852,concrete
853,concrete
854,fine_concrete
855,soft_tiles
856,soft_pvc
857,tiled
858,wood
859,fine_concrete
860,fine_concrete
861,tiled
862,soft_pvc
863,concrete
864,soft_tiles
865,wood
866,wood
867,soft_tiles
868,concrete
869,soft_pvc
870,soft_pvc
871,soft_tiles
872,soft_pvc
873,tiled
874,fine_concrete
875,concrete
876,concrete
877,hard_tiles_large_space
878,concrete
879,soft_tiles
880,tiled
881,soft_pvc
882,tiled
883,hard_tiles_large_space
884,tiled
885,concrete
886,soft_pvc
887,wood
888,wood
889,soft_pvc
890,hard_tiles_large_space
891,soft_pvc
892,concrete
893,soft_pvc
894,soft_pvc
895,soft_tiles
896,tiled
897,fine_concrete
898,tiled
899,hard_tiles_large_space
900,concrete
901,concrete
902,tiled
903,concrete
904,concrete
905,concrete
906,soft_pvc
907,wood
908,hard_tiles_large_space
909,tiled
910,concrete
911,soft_pvc
912,soft_pvc
913,concrete
914,tiled
915,soft_pvc
916,soft_pvc
917,wood
918,soft_pvc
919,concrete
920,hard_tiles_large_space
921,concrete
922,concrete
923,wood
924,concrete
925,hard_tiles_large_space
926,hard_tiles_large_space
927,concrete
928,soft_pvc
929,wood
930,soft_tiles
931,soft_tiles
932,tiled
933,hard_tiles_large_space
934,wood
935,tiled
936,fine_concrete
937,soft_tiles
938,hard_tiles_large_space
939,wood
940,soft_pvc
941,soft_pvc
942,carpet
943,wood
944,wood
945,tiled
946,concrete
947,concrete
948,hard_tiles_large_space
949,tiled
950,soft_tiles
951,soft_tiles
952,soft_tiles
953,soft_pvc
954,concrete
955,tiled
956,concrete
957,tiled
958,soft_pvc
959,soft_pvc
960,tiled
961,concrete
962,tiled
963,fine_concrete
964,wood
965,concrete
966,soft_tiles
967,hard_tiles_large_space
968,soft_tiles
969,wood
970,hard_tiles_large_space
971,concrete
972,wood
973,soft_pvc
974,soft_tiles
975,tiled
976,concrete
977,soft_tiles
978,concrete
979,soft_tiles
980,concrete
981,wood
982,tiled
983,wood
984,wood
985,tiled
986,soft_pvc
987,tiled
988,soft_tiles
989,soft_tiles
990,wood
991,soft_tiles
992,tiled
993,concrete
994,soft_pvc
995,soft_pvc
996,hard_tiles_large_space
997,concrete
998,concrete
999,soft_pvc
1000,concrete
1001,hard_tiles_large_space
1002,concrete
1003,soft_tiles
1004,tiled
1005,tiled
1006,hard_tiles_large_space
1007,soft_pvc
1008,wood
1009,soft_pvc
1010,wood
1011,hard_tiles_large_space
1012,wood
1013,concrete
1014,soft_pvc
1015,carpet
1016,hard_tiles_large_space
1017,soft_pvc
1018,hard_tiles_large_space
1019,tiled
1020,soft_tiles
1021,soft_pvc
1022,tiled
1023,soft_tiles
1024,wood
1025,tiled
1026,wood
1027,fine_concrete
1028,soft_pvc
1029,concrete
1030,soft_tiles
1031,soft_pvc
1032,soft_pvc
1033,concrete
1034,wood
1035,tiled
1036,soft_pvc
1037,soft_pvc
1038,concrete
1039,concrete
1040,soft_pvc
1041,concrete
1042,soft_tiles
1043,concrete
1044,concrete
1045,wood
1046,carpet
1047,soft_pvc
1048,wood
1049,fine_concrete
1050,soft_tiles
1051,fine_concrete
1052,soft_pvc
1053,concrete
1054,concrete
1055,soft_pvc
1056,wood
1057,wood
1058,tiled
1059,concrete
1060,hard_tiles_large_space
1061,concrete
1062,soft_pvc
1063,concrete
1064,fine_concrete
1065,soft_tiles
1066,soft_tiles
1067,tiled
1068,concrete
1069,soft_pvc
1070,wood
1071,tiled
1072,concrete
1073,concrete
1074,wood
1075,soft_pvc
1076,soft_pvc
1077,fine_concrete
1078,concrete
1079,concrete
1080,concrete
1081,soft_tiles
1082,wood
1083,soft_pvc
1084,fine_concrete
1085,tiled
1086,tiled
1087,tiled
1088,wood
1089,wood
1090,soft_pvc
1091,fine_concrete
1092,fine_concrete
1093,soft_pvc
1094,soft_tiles
1095,soft_tiles
1096,wood
1097,tiled
1098,soft_pvc
1099,soft_pvc
1100,wood
1101,concrete
1102,hard_tiles_large_space
1103,concrete
1104,tiled
1105,soft_pvc
1106,tiled
1107,concrete
1108,wood
1109,tiled
1110,concrete
1111,soft_pvc
1112,soft_pvc
1113,tiled
1114,fine_concrete
1115,tiled
1116,wood
1117,wood
1118,concrete
1119,fine_concrete
1120,tiled
1121,soft_tiles
1122,hard_tiles_large_space
1123,wood
1124,tiled
1125,soft_pvc
1126,tiled
1127,hard_tiles_large_space
1128,tiled
1129,concrete
1130,soft_pvc
1131,soft_tiles
1132,carpet
1133,soft_pvc
1134,wood
1135,soft_tiles
1136,soft_tiles
1137,soft_pvc
1138,tiled
1139,fine_concrete
1140,concrete
1141,soft_tiles
1142,wood
1143,hard_tiles_large_space
1144,concrete
1145,wood
1146,concrete
1147,concrete
1148,concrete
1149,soft_pvc
1150,concrete
1151,wood
1152,concrete
1153,carpet
1154,hard_tiles_large_space
1155,soft_tiles
1156,fine_concrete
1157,wood
1158,soft_pvc
1159,soft_pvc
1160,tiled
1161,soft_pvc
1162,concrete
1163,wood
1164,soft_pvc
1165,soft_pvc
1166,concrete
1167,tiled
1168,soft_pvc
1169,concrete
1170,soft_pvc
1171,wood
1172,concrete
1173,hard_tiles_large_space
1174,soft_pvc
1175,soft_pvc
1176,tiled
1177,soft_tiles
1178,tiled
1179,soft_tiles
1180,soft_pvc
1181,tiled
1182,soft_pvc
1183,soft_pvc
1184,concrete
1185,soft_tiles
1186,soft_tiles
1187,concrete
1188,soft_tiles
1189,soft_pvc
1190,tiled
1191,concrete
1192,soft_pvc
1193,soft_pvc
1194,soft_pvc
1195,wood
1196,concrete
1197,concrete
1198,fine_concrete
1199,soft_tiles
1200,soft_pvc
1201,fine_concrete
1202,carpet
1203,carpet
1204,soft_pvc
1205,concrete
1206,carpet
1207,carpet
1208,concrete
1209,hard_tiles_large_space
1210,soft_tiles
1211,soft_tiles
1212,soft_pvc
1213,tiled
1214,soft_tiles
1215,tiled
1216,carpet
1217,concrete
1218,soft_tiles
1219,soft_tiles
1220,soft_pvc
1221,soft_pvc
1222,tiled
1223,fine_concrete
1224,hard_tiles_large_space
1225,soft_tiles
1226,concrete
1227,concrete
1228,soft_pvc
1229,concrete
1230,carpet
1231,concrete
1232,concrete
1233,wood
1234,hard_tiles_large_space
1235,tiled
1236,soft_pvc
1237,wood
1238,soft_pvc
1239,soft_tiles
1240,tiled
1241,soft_tiles
1242,concrete
1243,tiled
1244,tiled
1245,concrete
1246,soft_tiles
1247,concrete
1248,fine_concrete
1249,fine_concrete
1250,soft_pvc
1251,wood
1252,tiled
1253,soft_pvc
1254,hard_tiles_large_space
1255,soft_tiles
1256,concrete
1257,concrete
1258,wood
1259,concrete
1260,soft_pvc
1261,wood
1262,tiled
1263,wood
1264,soft_pvc
1265,soft_pvc
1266,soft_pvc
1267,hard_tiles_large_space
1268,soft_pvc
1269,concrete
1270,tiled
1271,tiled
1272,tiled
1273,soft_tiles
1274,tiled
1275,soft_tiles
1276,wood
1277,tiled
1278,soft_tiles
1279,concrete
1280,concrete
1281,soft_pvc
1282,soft_pvc
1283,concrete
1284,wood
1285,concrete
1286,wood
1287,concrete
1288,fine_concrete
1289,concrete
1290,soft_tiles
1291,soft_pvc
1292,concrete
1293,concrete
1294,soft_pvc
1295,soft_pvc
1296,soft_pvc
1297,soft_pvc
1298,wood
1299,fine_concrete
1300,soft_tiles
1301,soft_pvc
1302,concrete
1303,wood
1304,tiled
1305,soft_pvc
1306,concrete
1307,hard_tiles_large_space
1308,soft_tiles
1309,soft_tiles
1310,concrete
1311,hard_tiles_large_space
1312,tiled
1313,tiled
1314,wood
1315,carpet
1316,soft_tiles
1317,tiled
1318,tiled
1319,carpet
1320,wood
1321,soft_pvc
1322,fine_concrete
1323,fine_concrete
1324,wood
1325,tiled
1326,tiled
1327,concrete
1328,concrete
1329,soft_pvc
1330,tiled
1331,hard_tiles_large_space
1332,tiled
1333,soft_pvc
1334,soft_pvc
1335,wood
1336,soft_pvc
1337,concrete
1338,concrete
1339,wood
1340,wood
1341,tiled
1342,soft_tiles
1343,concrete
1344,soft_pvc
1345,fine_concrete
1346,tiled
1347,tiled
1348,soft_tiles
1349,soft_pvc
1350,concrete
1351,wood
1352,tiled
1353,concrete
1354,tiled
1355,wood
1356,tiled
1357,concrete
1358,soft_tiles
1359,hard_tiles_large_space
1360,fine_concrete
1361,fine_concrete
1362,tiled
1363,soft_tiles
1364,concrete
1365,soft_tiles
1366,concrete
1367,fine_concrete
1368,concrete
1369,tiled
1370,soft_pvc
1371,concrete
1372,tiled
1373,soft_tiles
1374,soft_pvc
1375,tiled
1376,wood
1377,soft_tiles
1378,concrete
1379,tiled
1380,wood
1381,soft_tiles
1382,tiled
1383,concrete
1384,soft_pvc
1385,fine_concrete
1386,soft_pvc
1387,tiled
1388,soft_pvc
1389,concrete
1390,hard_tiles_large_space
1391,soft_pvc
1392,concrete
1393,soft_tiles
1394,soft_pvc
1395,concrete
1396,wood
1397,soft_tiles
1398,concrete
1399,wood
1400,soft_pvc
1401,concrete
1402,wood
1403,wood
1404,soft_pvc
1405,concrete
1406,concrete
1407,soft_pvc
1408,fine_concrete
1409,wood
1410,concrete
1411,wood
1412,hard_tiles_large_space
1413,soft_tiles
1414,tiled
1415,wood
1416,wood
1417,concrete
1418,hard_tiles_large_space
1419,soft_pvc
1420,soft_pvc
1421,fine_concrete
1422,fine_concrete
1423,soft_pvc
1424,hard_tiles_large_space
1425,tiled
1426,concrete
1427,soft_tiles
1428,wood
1429,soft_pvc
1430,hard_tiles_large_space
1431,fine_concrete
1432,soft_tiles
1433,hard_tiles_large_space
1434,concrete
1435,soft_tiles
1436,tiled
1437,soft_pvc
1438,soft_pvc
1439,concrete
1440,tiled
1441,soft_tiles
1442,soft_pvc
1443,tiled
1444,soft_pvc
1445,tiled
1446,concrete
1447,soft_pvc
1448,tiled
1449,hard_tiles_large_space
1450,hard_tiles_large_space
1451,soft_pvc
1452,wood
1453,soft_pvc
1454,concrete
1455,hard_tiles_large_space
1456,tiled
1457,concrete
1458,wood
1459,concrete
1460,concrete
1461,tiled
1462,soft_pvc
1463,tiled
1464,soft_pvc
1465,wood
1466,tiled
1467,soft_pvc
1468,concrete
1469,wood
1470,soft_pvc
1471,concrete
1472,tiled
1473,fine_concrete
1474,concrete
1475,concrete
1476,soft_pvc
1477,tiled
1478,soft_tiles
1479,wood
1480,tiled
1481,soft_tiles
1482,soft_pvc
1483,wood
1484,hard_tiles_large_space
1485,soft_pvc
1486,wood
1487,tiled
1488,soft_pvc
1489,carpet
1490,fine_concrete
1491,hard_tiles_large_space
1492,hard_tiles_large_space
1493,concrete
1494,carpet
1495,soft_pvc
1496,fine_concrete
1497,soft_tiles
1498,wood
1499,tiled
1500,soft_tiles
1501,concrete
1502,concrete
1503,soft_pvc
1504,wood
1505,hard_tiles_large_space
1506,wood
1507,concrete
1508,hard_tiles_large_space
1509,tiled
1510,soft_pvc
1511,soft_tiles
1512,wood
1513,wood
1514,soft_pvc
1515,concrete
1516,tiled
1517,soft_tiles
1518,concrete
1519,concrete
1520,wood
1521,tiled
1522,soft_pvc
1523,wood
1524,concrete
1525,soft_tiles
1526,hard_tiles_large_space
1527,concrete
1528,tiled
1529,fine_concrete
1530,soft_tiles
1531,soft_tiles
1532,soft_tiles
1533,soft_pvc
1534,wood
1535,hard_tiles_large_space
1536,soft_pvc
1537,concrete
1538,soft_pvc
1539,tiled
1540,soft_pvc
1541,soft_pvc
1542,concrete
1543,soft_pvc
1544,tiled
1545,soft_pvc
1546,soft_pvc
1547,soft_tiles
1548,tiled
1549,soft_pvc
1550,hard_tiles_large_space
1551,soft_pvc
1552,concrete
1553,concrete
1554,concrete
1555,soft_tiles
1556,soft_pvc
1557,carpet
1558,concrete
1559,hard_tiles_large_space
1560,concrete
1561,soft_pvc
1562,soft_tiles
1563,soft_tiles
1564,concrete
1565,soft_tiles
1566,soft_pvc
1567,concrete
1568,wood
1569,tiled
1570,concrete
1571,soft_tiles
1572,concrete
1573,soft_tiles
1574,soft_tiles
1575,hard_tiles_large_space
1576,soft_tiles
1577,soft_pvc
1578,soft_pvc
1579,concrete
1580,concrete
1581,concrete
1582,soft_pvc
1583,soft_tiles
1584,wood
1585,tiled
1586,concrete
1587,soft_tiles
1588,wood
1589,tiled
1590,soft_pvc
1591,fine_concrete
1592,wood
1593,soft_pvc
1594,wood
1595,soft_tiles
1596,soft_pvc
1597,soft_pvc
1598,wood
1599,soft_pvc
1600,wood
1601,fine_concrete
1602,wood
1603,concrete
1604,tiled
1605,hard_tiles_large_space
1606,tiled
1607,soft_pvc
1608,concrete
1609,tiled
1610,hard_tiles_large_space
1611,soft_pvc
1612,fine_concrete
1613,soft_tiles
1614,soft_pvc
1615,wood
1616,soft_tiles
1617,soft_tiles
1618,fine_concrete
1619,soft_tiles
1620,soft_tiles
1621,concrete
1622,wood
1623,hard_tiles_large_space
1624,concrete
1625,hard_tiles_large_space
1626,soft_tiles
1627,hard_tiles_large_space
1628,wood
1629,concrete
1630,fine_concrete
1631,concrete
1632,soft_pvc
1633,tiled
1634,tiled
1635,soft_pvc
1636,tiled
1637,soft_pvc
1638,tiled
1639,soft_tiles
1640,hard_tiles_large_space
1641,concrete
1642,soft_tiles
1643,wood
1644,hard_tiles_large_space
1645,concrete
1646,soft_pvc
1647,soft_pvc
1648,soft_pvc
1649,tiled
1650,soft_tiles
1651,tiled
1652,soft_pvc
1653,hard_tiles_large_space
1654,tiled
1655,concrete
1656,wood
1657,soft_tiles
1658,soft_pvc
1659,hard_tiles_large_space
1660,soft_pvc
1661,concrete
1662,wood
1663,concrete
1664,soft_pvc
1665,tiled
1666,soft_pvc
1667,soft_pvc
1668,tiled
1669,concrete
1670,tiled
1671,soft_pvc
1672,soft_pvc
1673,concrete
1674,wood
1675,concrete
1676,soft_pvc
1677,wood
1678,fine_concrete
1679,soft_pvc
1680,hard_tiles_large_space
1681,fine_concrete
1682,fine_concrete
1683,soft_tiles
1684,fine_concrete
1685,tiled
1686,soft_pvc
1687,tiled
1688,concrete
1689,concrete
1690,concrete
1691,concrete
1692,soft_pvc
1693,concrete
1694,fine_concrete
1695,concrete
1696,concrete
1697,concrete
1698,wood
1699,soft_tiles
1700,concrete
1701,concrete
1702,fine_concrete
1703,hard_tiles_large_space
1704,hard_tiles_large_space
1705,soft_pvc
1706,concrete
1707,soft_pvc
1708,fine_concrete
1709,concrete
1710,concrete
1711,soft_pvc
1712,wood
1713,tiled
1714,tiled
1715,wood
1716,soft_pvc
1717,concrete
1718,tiled
1719,tiled
1720,soft_tiles
1721,concrete
1722,soft_pvc
1723,hard_tiles_large_space
1724,soft_pvc
1725,soft_pvc
1726,hard_tiles_large_space
1727,tiled
1728,wood
1729,tiled
1730,hard_tiles_large_space
1731,soft_pvc
1732,soft_pvc
1733,tiled
1734,concrete
1735,concrete
1736,concrete
1737,hard_tiles_large_space
1738,carpet
1739,soft_tiles
1740,soft_pvc
1741,soft_pvc
1742,concrete
1743,fine_concrete
1744,soft_pvc
1745,soft_pvc
1746,hard_tiles_large_space
1747,wood
1748,soft_pvc
1749,soft_tiles
1750,wood
1751,concrete
1752,concrete
1753,soft_tiles
1754,fine_concrete
1755,tiled
1756,wood
1757,hard_tiles_large_space
1758,wood
1759,hard_tiles_large_space
1760,tiled
1761,carpet
1762,fine_concrete
1763,tiled
1764,soft_pvc
1765,soft_pvc
1766,wood
1767,hard_tiles_large_space
1768,wood
1769,soft_tiles
1770,soft_pvc
1771,concrete
1772,hard_tiles_large_space
1773,wood
1774,wood
1775,soft_tiles
1776,tiled
1777,concrete
1778,fine_concrete
1779,wood
1780,wood
1781,wood
1782,fine_concrete
1783,concrete
1784,concrete
1785,concrete
1786,hard_tiles_large_space
1787,wood
1788,soft_pvc
1789,soft_pvc
1790,wood
1791,fine_concrete
1792,soft_pvc
1793,soft_tiles
1794,hard_tiles_large_space
1795,tiled
1796,concrete
1797,soft_pvc
1798,tiled
1799,soft_pvc
1800,tiled
1801,concrete
1802,tiled
1803,tiled
1804,concrete
1805,tiled
1806,concrete
1807,wood
1808,concrete
1809,concrete
1810,tiled
1811,tiled
1812,soft_tiles
1813,wood
1814,tiled
1815,tiled
1816,soft_tiles
1817,tiled
1818,fine_concrete
1819,concrete
1820,concrete
1821,wood
1822,wood
1823,soft_pvc
1824,hard_tiles_large_space
1825,hard_tiles_large_space
1826,concrete
1827,hard_tiles_large_space
1828,hard_tiles_large_space
1829,soft_pvc
1830,fine_concrete
1831,carpet
1832,tiled
1833,tiled
1834,concrete
1835,hard_tiles_large_space
1836,soft_pvc
1837,wood
1838,soft_pvc
1839,fine_concrete
1840,wood
1841,concrete
1842,tiled
1843,soft_pvc
1844,concrete
1845,soft_tiles
1846,concrete
1847,wood
1848,tiled
1849,concrete
1850,fine_concrete
1851,tiled
1852,soft_tiles
1853,soft_pvc
1854,soft_tiles
1855,soft_pvc
1856,soft_tiles
1857,carpet
1858,wood
1859,wood
1860,soft_pvc
1861,hard_tiles_large_space
1862,concrete
1863,tiled
1864,tiled
1865,soft_pvc
1866,soft_pvc
1867,concrete
1868,soft_tiles
1869,hard_tiles_large_space
1870,soft_pvc
1871,tiled
1872,wood
1873,soft_pvc
1874,wood
1875,carpet
1876,wood
1877,concrete
1878,wood
1879,hard_tiles_large_space
1880,wood
1881,wood
1882,fine_concrete
1883,tiled
1884,wood
1885,wood
1886,soft_pvc
1887,carpet
1888,tiled
1889,hard_tiles_large_space
1890,tiled
1891,concrete
1892,wood
1893,soft_pvc
1894,soft_pvc
1895,concrete
1896,soft_tiles
1897,concrete
1898,soft_pvc
1899,wood
1900,soft_tiles
1901,tiled
1902,soft_pvc
1903,wood
1904,concrete
1905,wood
1906,concrete
1907,tiled
1908,tiled
1909,hard_tiles_large_space
1910,concrete
1911,tiled
1912,concrete
1913,wood
1914,tiled
1915,concrete
1916,hard_tiles_large_space
1917,soft_pvc
1918,soft_pvc
1919,soft_tiles
1920,concrete
1921,soft_pvc
1922,soft_pvc
1923,soft_tiles
1924,concrete
1925,soft_pvc
1926,hard_tiles_large_space
1927,wood
1928,soft_pvc
1929,soft_pvc
1930,soft_pvc
1931,concrete
1932,soft_tiles
1933,soft_pvc
1934,tiled
1935,concrete
1936,soft_tiles
1937,concrete
1938,concrete
1939,tiled
1940,soft_pvc
1941,tiled
1942,soft_tiles
1943,concrete
1944,concrete
1945,soft_pvc
1946,hard_tiles_large_space
1947,soft_tiles
1948,soft_pvc
1949,hard_tiles_large_space
1950,soft_tiles
1951,concrete
1952,concrete
1953,soft_pvc
1954,soft_tiles
1955,tiled
1956,wood
1957,soft_tiles
1958,wood
1959,hard_tiles_large_space
1960,tiled
1961,wood
1962,carpet
1963,soft_tiles
1964,soft_tiles
1965,hard_tiles_large_space
1966,carpet
1967,soft_pvc
1968,hard_tiles_large_space
1969,soft_tiles
1970,wood
1971,soft_tiles
1972,concrete
1973,soft_pvc
1974,concrete
1975,hard_tiles_large_space
1976,soft_tiles
1977,wood
1978,soft_tiles
1979,soft_tiles
1980,wood
1981,wood
1982,wood
1983,soft_pvc
1984,soft_pvc
1985,concrete
1986,concrete
1987,wood
1988,soft_tiles
1989,tiled
1990,concrete
1991,fine_concrete
1992,concrete
1993,soft_tiles
1994,soft_pvc
1995,fine_concrete
1996,wood
1997,tiled
1998,fine_concrete
1999,concrete
2000,tiled
2001,wood
2002,concrete
2003,concrete
2004,wood
2005,concrete
2006,tiled
2007,wood
2008,soft_tiles
2009,concrete
2010,hard_tiles_large_space
2011,wood
2012,tiled
2013,wood
2014,wood
2015,tiled
2016,soft_tiles
2017,tiled
2018,wood
2019,fine_concrete
2020,soft_pvc
2021,soft_tiles
2022,fine_concrete
2023,fine_concrete
2024,soft_pvc
2025,soft_pvc
2026,tiled
2027,hard_tiles_large_space
2028,wood
2029,fine_concrete
2030,soft_tiles
2031,concrete
2032,soft_pvc
2033,soft_pvc
2034,concrete
2035,tiled
2036,tiled
2037,carpet
2038,hard_tiles_large_space
2039,soft_pvc
2040,tiled
2041,wood
2042,hard_tiles_large_space
2043,wood
2044,wood
2045,soft_pvc
2046,hard_tiles_large_space
2047,concrete
2048,hard_tiles_large_space
2049,soft_pvc
2050,tiled
2051,hard_tiles_large_space
2052,concrete
2053,wood
2054,hard_tiles_large_space
2055,soft_pvc
2056,soft_pvc
2057,wood
2058,tiled
2059,hard_tiles_large_space
2060,concrete
2061,wood
2062,wood
2063,fine_concrete
2064,soft_pvc
2065,soft_pvc
2066,soft_pvc
2067,soft_pvc
2068,soft_pvc
2069,tiled
2070,concrete
2071,soft_pvc
2072,fine_concrete
2073,wood
2074,wood
2075,wood
2076,soft_pvc
2077,concrete
2078,soft_pvc
2079,fine_concrete
2080,wood
2081,wood
2082,tiled
2083,wood
2084,soft_tiles
2085,wood
2086,concrete
2087,hard_tiles_large_space
2088,concrete
2089,wood
2090,carpet
2091,concrete
2092,concrete
2093,soft_tiles
2094,soft_pvc
2095,concrete
2096,soft_tiles
2097,wood
2098,soft_tiles
2099,wood
2100,wood
2101,soft_pvc
2102,carpet
2103,hard_tiles_large_space
2104,wood
2105,wood
2106,wood
2107,concrete
2108,tiled
2109,hard_tiles_large_space
2110,wood
2111,tiled
2112,fine_concrete
2113,hard_tiles_large_space
2114,soft_pvc
2115,soft_tiles
2116,concrete
2117,wood
2118,wood
2119,fine_concrete
2120,tiled
2121,concrete
2122,concrete
2123,concrete
2124,soft_pvc
2125,concrete
2126,tiled
2127,concrete
2128,tiled
2129,fine_concrete
2130,concrete
2131,concrete
2132,soft_pvc
2133,soft_pvc
2134,fine_concrete
2135,soft_tiles
2136,concrete
2137,soft_pvc
2138,soft_pvc
2139,soft_pvc
2140,wood
2141,concrete
2142,soft_pvc
2143,concrete
2144,wood
2145,tiled
2146,hard_tiles_large_space
2147,soft_tiles
2148,tiled
2149,soft_tiles
2150,wood
2151,soft_tiles
2152,soft_tiles
2153,wood
2154,soft_pvc
2155,concrete
2156,soft_pvc
2157,concrete
2158,soft_pvc
2159,wood
2160,concrete
2161,concrete
2162,concrete
2163,soft_pvc
2164,wood
2165,tiled
2166,tiled
2167,concrete
2168,concrete
2169,soft_tiles
2170,concrete
2171,soft_pvc
2172,soft_pvc
2173,wood
2174,concrete
2175,tiled
2176,soft_tiles
2177,concrete
2178,soft_pvc
2179,tiled
2180,tiled
2181,hard_tiles_large_space
2182,soft_tiles
2183,wood
2184,concrete
2185,soft_pvc
2186,hard_tiles_large_space
2187,hard_tiles_large_space
2188,hard_tiles_large_space
2189,wood
2190,soft_tiles
2191,soft_pvc
2192,soft_pvc
2193,soft_tiles
2194,soft_tiles
2195,wood
2196,tiled
2197,soft_tiles
2198,soft_pvc
2199,soft_tiles
2200,hard_tiles_large_space
2201,concrete
2202,soft_pvc
2203,wood
2204,concrete
2205,concrete
2206,carpet
2207,tiled
2208,wood
2209,soft_tiles
2210,tiled
2211,concrete
2212,wood
2213,concrete
2214,soft_tiles
2215,soft_pvc
2216,soft_pvc
2217,hard_tiles_large_space
2218,soft_tiles
2219,wood
2220,soft_tiles
2221,soft_pvc
2222,soft_tiles
2223,wood
2224,soft_pvc
2225,concrete
2226,soft_tiles
2227,soft_pvc
2228,concrete
2229,soft_pvc
2230,concrete
2231,tiled
2232,soft_tiles
2233,fine_concrete
2234,soft_pvc
2235,concrete
2236,tiled
2237,soft_pvc
2238,wood
2239,fine_concrete
2240,hard_tiles_large_space
2241,wood
2242,hard_tiles_large_space
2243,concrete
2244,concrete
2245,wood
2246,soft_pvc
2247,tiled
2248,tiled
2249,concrete
2250,soft_pvc
2251,soft_tiles
2252,concrete
2253,fine_concrete
2254,tiled
2255,soft_tiles
2256,soft_tiles
2257,wood
2258,tiled
2259,soft_pvc
2260,soft_pvc
2261,tiled
2262,wood
2263,soft_pvc
2264,soft_pvc
2265,soft_pvc
2266,hard_tiles_large_space
2267,concrete
2268,tiled
2269,wood
2270,tiled
2271,tiled
2272,soft_pvc
2273,carpet
2274,soft_pvc
2275,soft_pvc
2276,wood
2277,concrete
2278,hard_tiles_large_space
2279,hard_tiles_large_space
2280,soft_pvc
2281,tiled
2282,concrete
2283,concrete
2284,soft_pvc
2285,concrete
2286,fine_concrete
2287,soft_pvc
2288,hard_tiles_large_space
2289,soft_tiles
2290,wood
2291,wood
2292,wood
2293,soft_pvc
2294,soft_tiles
2295,wood
2296,tiled
2297,wood
2298,wood
2299,carpet
2300,wood
2301,concrete
2302,concrete
2303,fine_concrete
2304,soft_tiles
2305,wood
2306,hard_tiles_large_space
2307,tiled
2308,soft_tiles
2309,soft_pvc
2310,soft_pvc
2311,wood
2312,tiled
2313,wood
2314,soft_tiles
2315,soft_tiles
2316,concrete
2317,soft_pvc
2318,soft_pvc
2319,soft_pvc
2320,concrete
2321,tiled
2322,wood
2323,tiled
2324,concrete
2325,concrete
2326,soft_pvc
2327,fine_concrete
2328,hard_tiles_large_space
2329,hard_tiles_large_space
2330,wood
2331,soft_pvc
2332,hard_tiles_large_space
2333,soft_tiles
2334,hard_tiles_large_space
2335,tiled
2336,concrete
2337,tiled
2338,soft_pvc
2339,hard_tiles_large_space
2340,tiled
2341,tiled
2342,soft_pvc
2343,soft_pvc
2344,tiled
2345,concrete
2346,soft_tiles
2347,wood
2348,soft_pvc
2349,soft_pvc
2350,concrete
2351,tiled
2352,concrete
2353,hard_tiles_large_space
2354,concrete
2355,concrete
2356,hard_tiles_large_space
2357,tiled
2358,soft_pvc
2359,concrete
2360,wood
2361,wood
2362,fine_concrete
2363,soft_pvc
2364,soft_pvc
2365,wood
2366,concrete
2367,soft_tiles
2368,soft_tiles
2369,hard_tiles_large_space
2370,tiled
2371,concrete
2372,concrete
2373,concrete
2374,fine_concrete
2375,soft_pvc
2376,wood
2377,soft_tiles
2378,soft_pvc
2379,hard_tiles_large_space
2380,concrete
2381,hard_tiles_large_space
2382,soft_pvc
2383,soft_pvc
2384,concrete
2385,soft_tiles
2386,wood
2387,soft_tiles
2388,concrete
2389,wood
2390,tiled
2391,concrete
2392,soft_pvc
2393,wood
2394,soft_tiles
2395,wood
2396,soft_pvc
2397,tiled
2398,fine_concrete
2399,concrete
2400,wood
2401,soft_pvc
2402,tiled
2403,hard_tiles_large_space
2404,hard_tiles_large_space
2405,concrete
2406,soft_tiles
2407,soft_pvc
2408,soft_tiles
2409,wood
2410,tiled
2411,soft_pvc
2412,hard_tiles_large_space
2413,soft_pvc
2414,concrete
2415,concrete
2416,tiled
2417,wood
2418,wood
2419,soft_tiles
2420,tiled
2421,concrete
2422,soft_tiles
2423,wood
2424,soft_pvc
2425,concrete
2426,concrete
2427,concrete
2428,concrete
2429,concrete
2430,tiled
2431,concrete
2432,soft_pvc
2433,concrete
2434,wood
2435,concrete
2436,concrete
2437,soft_pvc
2438,tiled
2439,fine_concrete
2440,concrete
2441,tiled
2442,soft_tiles
2443,soft_pvc
2444,wood
2445,soft_pvc
2446,tiled
2447,wood
2448,tiled
2449,hard_tiles_large_space
2450,tiled
2451,soft_tiles
2452,tiled
2453,concrete
2454,soft_pvc
2455,soft_tiles
2456,soft_pvc
2457,hard_tiles_large_space
2458,wood
2459,wood
2460,soft_pvc
2461,tiled
2462,wood
2463,fine_concrete
2464,soft_pvc
2465,soft_pvc
2466,wood
2467,concrete
2468,tiled
2469,soft_pvc
2470,tiled
2471,wood
2472,concrete
2473,soft_pvc
2474,tiled
2475,hard_tiles_large_space
2476,soft_pvc
2477,tiled
2478,wood
2479,soft_pvc
2480,concrete
2481,wood
2482,fine_concrete
2483,soft_tiles
2484,soft_tiles
2485,wood
2486,tiled
2487,concrete
2488,hard_tiles_large_space
2489,tiled
2490,soft_tiles
2491,hard_tiles_large_space
2492,soft_pvc
2493,tiled
2494,concrete
2495,concrete
2496,wood
2497,tiled
2498,wood
2499,wood
2500,soft_tiles
2501,tiled
2502,carpet
2503,fine_concrete
2504,soft_pvc
2505,tiled
2506,carpet
2507,soft_pvc
2508,concrete
2509,soft_pvc
2510,soft_tiles
2511,wood
2512,concrete
2513,soft_pvc
2514,concrete
2515,concrete
2516,tiled
2517,soft_pvc
2518,soft_tiles
2519,fine_concrete
2520,concrete
2521,wood
2522,soft_pvc
2523,tiled
2524,tiled
2525,tiled
2526,soft_pvc
2527,soft_pvc
2528,soft_pvc
2529,wood
2530,tiled
2531,tiled
2532,soft_pvc
2533,concrete
2534,wood
2535,soft_pvc
2536,wood
2537,concrete
2538,concrete
2539,tiled
2540,concrete
2541,concrete
2542,soft_pvc
2543,concrete
2544,concrete
2545,soft_tiles
2546,wood
2547,hard_tiles_large_space
2548,soft_pvc
2549,soft_pvc
2550,soft_tiles
2551,soft_pvc
2552,soft_tiles
2553,wood
2554,concrete
2555,soft_tiles
2556,soft_tiles
2557,concrete
2558,hard_tiles_large_space
2559,tiled
2560,hard_tiles_large_space
2561,soft_pvc
2562,concrete
2563,concrete
2564,tiled
2565,concrete
2566,wood
2567,concrete
2568,concrete
2569,concrete
2570,wood
2571,concrete
2572,concrete
2573,hard_tiles_large_space
2574,soft_pvc
2575,hard_tiles_large_space
2576,concrete
2577,tiled
2578,soft_pvc
2579,concrete
2580,concrete
2581,soft_pvc
2582,concrete
2583,soft_pvc
2584,soft_pvc
2585,concrete
2586,concrete
2587,concrete
2588,soft_pvc
2589,soft_pvc
2590,soft_pvc
2591,fine_concrete
2592,tiled
2593,tiled
2594,concrete
2595,tiled
2596,concrete
2597,tiled
2598,tiled
2599,fine_concrete
2600,soft_tiles
2601,soft_pvc
2602,soft_tiles
2603,wood
2604,concrete
2605,soft_tiles
2606,hard_tiles_large_space
2607,soft_pvc
2608,soft_tiles
2609,soft_pvc
2610,tiled
2611,soft_pvc
2612,soft_tiles
2613,soft_pvc
2614,soft_pvc
2615,tiled
2616,soft_pvc
2617,soft_tiles
2618,hard_tiles_large_space
2619,tiled
2620,soft_pvc
2621,concrete
2622,soft_pvc
2623,concrete
2624,wood
2625,tiled
2626,wood
2627,concrete
2628,soft_tiles
2629,soft_tiles
2630,soft_tiles
2631,concrete
2632,soft_pvc
2633,soft_pvc
2634,hard_tiles_large_space
2635,tiled
2636,soft_tiles
2637,soft_pvc
2638,fine_concrete
2639,wood
2640,soft_pvc
2641,wood
2642,concrete
2643,soft_pvc
2644,concrete
2645,soft_pvc
2646,concrete
2647,tiled
2648,soft_pvc
2649,soft_pvc
2650,concrete
2651,soft_pvc
2652,fine_concrete
2653,hard_tiles_large_space
2654,concrete
2655,concrete
2656,wood
2657,concrete
2658,concrete
2659,concrete
2660,wood
2661,soft_pvc
2662,soft_pvc
2663,soft_pvc
2664,soft_pvc
2665,soft_pvc
2666,carpet
2667,soft_tiles
2668,concrete
2669,concrete
2670,soft_pvc
2671,wood
2672,soft_pvc
2673,wood
2674,soft_tiles
2675,hard_tiles_large_space
2676,concrete
2677,soft_pvc
2678,concrete
2679,soft_tiles
2680,soft_tiles
2681,soft_tiles
2682,wood
2683,tiled
2684,fine_concrete
2685,wood
2686,wood
2687,soft_pvc
2688,hard_tiles_large_space
2689,hard_tiles_large_space
2690,soft_tiles
2691,soft_pvc
2692,wood
2693,soft_pvc
2694,tiled
2695,wood
2696,concrete
2697,soft_tiles
2698,wood
2699,hard_tiles_large_space
2700,soft_tiles
2701,soft_pvc
2702,soft_pvc
2703,wood
2704,concrete
2705,carpet
2706,wood
2707,tiled
2708,soft_pvc
2709,hard_tiles_large_space
2710,tiled
2711,concrete
2712,soft_pvc
2713,wood
2714,tiled
2715,soft_pvc
2716,wood
2717,soft_pvc
2718,wood
2719,wood
2720,soft_pvc
2721,soft_tiles
2722,soft_pvc
2723,hard_tiles_large_space
2724,hard_tiles_large_space
2725,wood
2726,wood
2727,tiled
2728,soft_pvc
2729,concrete
2730,soft_tiles
2731,concrete
2732,wood
2733,tiled
2734,wood
2735,wood
2736,soft_pvc
2737,tiled
2738,concrete
2739,tiled
2740,wood
2741,wood
2742,wood
2743,wood
2744,concrete
2745,soft_pvc
2746,hard_tiles_large_space
2747,concrete
2748,soft_tiles
2749,concrete
2750,soft_pvc
2751,wood
2752,concrete
2753,wood
2754,hard_tiles_large_space
2755,hard_tiles_large_space
2756,concrete
2757,carpet
2758,concrete
2759,tiled
2760,concrete
2761,carpet
2762,soft_pvc
2763,hard_tiles_large_space
2764,concrete
2765,hard_tiles_large_space
2766,hard_tiles_large_space
2767,concrete
2768,soft_pvc
2769,soft_pvc
2770,carpet
2771,soft_pvc
2772,soft_pvc
2773,soft_tiles
2774,concrete
2775,soft_pvc
2776,tiled
2777,concrete
2778,wood
2779,soft_tiles
2780,soft_pvc
2781,wood
2782,tiled
2783,soft_pvc
2784,concrete
2785,concrete
2786,soft_pvc
2787,wood
2788,wood
2789,wood
2790,soft_tiles
2791,concrete
2792,soft_tiles
2793,soft_pvc
2794,hard_tiles_large_space
2795,concrete
2796,soft_pvc
2797,concrete
2798,concrete
2799,concrete
2800,tiled
2801,soft_pvc
2802,wood
2803,tiled
2804,wood
2805,soft_pvc
2806,concrete
2807,soft_pvc
2808,soft_pvc
2809,wood
2810,tiled
2811,tiled
2812,concrete
2813,soft_pvc
2814,hard_tiles_large_space
2815,tiled
2816,soft_pvc
2817,carpet
2818,concrete
2819,wood
2820,soft_pvc
2821,tiled
2822,concrete
2823,tiled
2824,tiled
2825,concrete
2826,soft_pvc
2827,soft_pvc
2828,concrete
2829,hard_tiles_large_space
2830,wood
2831,concrete
2832,soft_tiles
2833,tiled
2834,hard_tiles_large_space
2835,soft_tiles
2836,soft_pvc
2837,soft_tiles
2838,soft_pvc
2839,hard_tiles_large_space
2840,hard_tiles_large_space
2841,wood
2842,tiled
2843,concrete
2844,tiled
2845,soft_tiles
2846,soft_pvc
2847,soft_pvc
2848,concrete
2849,hard_tiles_large_space
2850,concrete
2851,concrete
2852,soft_tiles
2853,soft_tiles
2854,soft_tiles
2855,soft_pvc
2856,soft_pvc
2857,soft_tiles
2858,tiled
2859,concrete
2860,carpet
2861,concrete
2862,concrete
2863,soft_pvc
2864,wood
2865,soft_pvc
2866,soft_tiles
2867,concrete
2868,soft_tiles
2869,soft_tiles
2870,tiled
2871,soft_pvc
2872,tiled
2873,concrete
2874,wood
2875,soft_pvc
2876,hard_tiles_large_space
2877,soft_pvc
2878,carpet
2879,concrete
2880,concrete
2881,soft_pvc
2882,tiled
2883,hard_tiles_large_space
2884,wood
2885,soft_tiles
2886,tiled
2887,concrete
2888,concrete
2889,concrete
2890,hard_tiles_large_space
2891,tiled
2892,tiled
2893,soft_pvc
2894,soft_tiles
2895,concrete
2896,soft_pvc
2897,soft_tiles
2898,concrete
2899,tiled
2900,wood
2901,soft_pvc
2902,soft_pvc
2903,hard_tiles_large_space
2904,soft_tiles
2905,concrete
2906,concrete
2907,tiled
2908,soft_pvc
2909,hard_tiles_large_space
2910,soft_tiles
2911,wood
2912,soft_pvc
2913,soft_tiles
2914,hard_tiles_large_space
2915,wood
2916,fine_concrete
2917,concrete
2918,fine_concrete
2919,concrete
2920,wood
2921,concrete
2922,tiled
2923,wood
2924,wood
2925,concrete
2926,concrete
2927,fine_concrete
2928,soft_pvc
2929,carpet
2930,hard_tiles_large_space
2931,soft_tiles
2932,concrete
2933,concrete
2934,soft_tiles
2935,soft_pvc
2936,hard_tiles_large_space
2937,carpet
2938,concrete
2939,tiled
2940,concrete
2941,concrete
2942,soft_pvc
2943,soft_pvc
2944,wood
2945,concrete
2946,soft_pvc
2947,fine_concrete
2948,tiled
2949,tiled
2950,concrete
2951,wood
2952,concrete
2953,concrete
2954,soft_pvc
2955,soft_tiles
2956,concrete
2957,concrete
2958,carpet
2959,fine_concrete
2960,concrete
2961,hard_tiles_large_space
2962,soft_tiles
2963,soft_pvc
2964,soft_pvc
2965,concrete
2966,hard_tiles_large_space
2967,soft_pvc
2968,soft_pvc
2969,wood
2970,soft_tiles
2971,tiled
2972,concrete
2973,hard_tiles_large_space
2974,concrete
2975,concrete
2976,fine_concrete
2977,concrete
2978,concrete
2979,concrete
2980,tiled
2981,concrete
2982,soft_pvc
2983,concrete
2984,concrete
2985,concrete
2986,concrete
2987,concrete
2988,soft_pvc
2989,soft_pvc
2990,soft_tiles
2991,soft_pvc
2992,concrete
2993,tiled
2994,soft_pvc
2995,fine_concrete
2996,soft_tiles
2997,wood
2998,hard_tiles_large_space
2999,wood
3000,soft_pvc
3001,wood
3002,concrete
3003,soft_pvc
3004,soft_pvc
3005,soft_tiles
3006,soft_tiles
3007,hard_tiles_large_space
3008,hard_tiles_large_space
3009,soft_pvc
3010,wood
3011,soft_pvc
3012,concrete
3013,concrete
3014,concrete
3015,concrete
3016,soft_tiles
3017,concrete
3018,fine_concrete
3019,soft_pvc
3020,soft_tiles
3021,wood
3022,soft_pvc
3023,concrete
3024,concrete
3025,hard_tiles_large_space
3026,soft_pvc
3027,soft_pvc
3028,tiled
3029,soft_tiles
3030,soft_tiles
3031,concrete
3032,soft_pvc
3033,concrete
3034,concrete
3035,tiled
3036,tiled
3037,tiled
3038,wood
3039,fine_concrete
3040,soft_pvc
3041,soft_tiles
3042,soft_pvc
3043,fine_concrete
3044,soft_tiles
3045,fine_concrete
3046,soft_pvc
3047,hard_tiles_large_space
3048,soft_tiles
3049,soft_pvc
3050,hard_tiles_large_space
3051,soft_tiles
3052,soft_tiles
3053,concrete
3054,wood
3055,wood
3056,hard_tiles_large_space
3057,tiled
3058,concrete
3059,tiled
3060,soft_pvc
3061,fine_concrete
3062,hard_tiles_large_space
3063,wood
3064,tiled
3065,tiled
3066,soft_tiles
3067,soft_pvc
3068,hard_tiles_large_space
3069,fine_concrete
3070,soft_pvc
3071,soft_tiles
3072,soft_pvc
3073,fine_concrete
3074,soft_pvc
3075,soft_tiles
3076,soft_tiles
3077,concrete
3078,tiled
3079,wood
3080,wood
3081,soft_pvc
3082,soft_tiles
3083,concrete
3084,soft_tiles
3085,concrete
3086,soft_tiles
3087,soft_tiles
3088,soft_tiles
3089,soft_pvc
3090,tiled
3091,soft_tiles
3092,wood
3093,wood
3094,wood
3095,concrete
3096,fine_concrete
3097,concrete
3098,wood
3099,concrete
3100,soft_pvc
3101,hard_tiles_large_space
3102,hard_tiles_large_space
3103,soft_pvc
3104,concrete
3105,tiled
3106,tiled
3107,tiled
3108,hard_tiles_large_space
3109,concrete
3110,tiled
3111,tiled
3112,hard_tiles_large_space
3113,wood
3114,hard_tiles_large_space
3115,concrete
3116,concrete
3117,hard_tiles_large_space
3118,soft_pvc
3119,soft_tiles
3120,concrete
3121,soft_tiles
3122,soft_pvc
3123,concrete
3124,wood
3125,tiled
3126,soft_tiles
3127,hard_tiles_large_space
3128,tiled
3129,concrete
3130,wood
3131,hard_tiles_large_space
3132,concrete
3133,concrete
3134,soft_tiles
3135,hard_tiles_large_space
3136,concrete
3137,concrete
3138,wood
3139,hard_tiles_large_space
3140,tiled
3141,concrete
3142,soft_tiles
3143,soft_tiles
3144,tiled
3145,hard_tiles_large_space
3146,soft_pvc
3147,concrete
3148,tiled
3149,hard_tiles_large_space
3150,concrete
3151,soft_pvc
3152,wood
3153,soft_pvc
3154,tiled
3155,soft_pvc
3156,tiled
3157,soft_pvc
3158,wood
3159,soft_pvc
3160,concrete
3161,soft_pvc
3162,soft_pvc
3163,wood
3164,wood
3165,carpet
3166,concrete
3167,soft_pvc
3168,soft_tiles
3169,fine_concrete
3170,tiled
3171,hard_tiles_large_space
3172,tiled
3173,hard_tiles_large_space
3174,wood
3175,concrete
3176,fine_concrete
3177,concrete
3178,concrete
3179,tiled
3180,soft_pvc
3181,soft_pvc
3182,carpet
3183,concrete
3184,soft_pvc
3185,concrete
3186,wood
3187,hard_tiles
3188,soft_tiles
3189,soft_pvc
3190,tiled
3191,wood
3192,soft_pvc
3193,soft_pvc
3194,wood
3195,concrete
3196,wood
3197,tiled
3198,fine_concrete
3199,concrete
3200,concrete
3201,tiled
3202,wood
3203,soft_pvc
3204,tiled
3205,wood
3206,tiled
3207,soft_pvc
3208,fine_concrete
3209,soft_pvc
3210,concrete
3211,hard_tiles_large_space
3212,wood
3213,soft_pvc
3214,concrete
3215,hard_tiles_large_space
3216,soft_pvc
3217,wood
3218,hard_tiles_large_space
3219,carpet
3220,concrete
3221,concrete
3222,concrete
3223,tiled
3224,soft_pvc
3225,soft_tiles
3226,wood
3227,fine_concrete
3228,tiled
3229,soft_pvc
3230,concrete
3231,soft_tiles
3232,wood
3233,soft_pvc
3234,soft_pvc
3235,soft_tiles
3236,concrete
3237,hard_tiles_large_space
3238,concrete
3239,tiled
3240,fine_concrete
3241,fine_concrete
3242,tiled
3243,soft_tiles
3244,tiled
3245,hard_tiles_large_space
3246,soft_pvc
3247,wood
3248,carpet
3249,soft_pvc
3250,carpet
3251,soft_pvc
3252,tiled
3253,soft_pvc
3254,tiled
3255,tiled
3256,soft_tiles
3257,hard_tiles_large_space
3258,soft_pvc
3259,soft_pvc
3260,tiled
3261,fine_concrete
3262,concrete
3263,soft_pvc
3264,concrete
3265,tiled
3266,soft_pvc
3267,soft_tiles
3268,soft_tiles
3269,hard_tiles_large_space
3270,hard_tiles_large_space
3271,wood
3272,concrete
3273,tiled
3274,concrete
3275,tiled
3276,wood
3277,tiled
3278,soft_pvc
3279,wood
3280,wood
3281,concrete
3282,wood
3283,concrete
3284,hard_tiles_large_space
3285,soft_pvc
3286,soft_tiles
3287,concrete
3288,concrete
3289,soft_tiles
3290,soft_tiles
3291,tiled
3292,tiled
3293,fine_concrete
3294,wood
3295,tiled
3296,tiled
3297,carpet
3298,soft_pvc
3299,tiled
3300,concrete
3301,wood
3302,hard_tiles_large_space
3303,concrete
3304,tiled
3305,soft_pvc
3306,concrete
3307,concrete
3308,soft_pvc
3309,tiled
3310,soft_pvc
3311,soft_pvc
3312,wood
3313,wood
3314,hard_tiles_large_space
3315,soft_pvc
3316,soft_tiles
3317,hard_tiles_large_space
3318,concrete
3319,wood
3320,concrete
3321,soft_pvc
3322,concrete
3323,soft_pvc
3324,soft_tiles
3325,hard_tiles_large_space
3326,concrete
3327,wood
3328,fine_concrete
3329,soft_pvc
3330,soft_pvc
3331,soft_tiles
3332,tiled
3333,soft_tiles
3334,soft_pvc
3335,wood
3336,tiled
3337,fine_concrete
3338,wood
3339,soft_tiles
3340,hard_tiles_large_space
3341,soft_pvc
3342,concrete
3343,soft_tiles
3344,soft_pvc
3345,wood
3346,soft_pvc
3347,wood
3348,tiled
3349,fine_concrete
3350,hard_tiles_large_space
3351,soft_tiles
3352,concrete
3353,carpet
3354,soft_tiles
3355,fine_concrete
3356,soft_tiles
3357,tiled
3358,tiled
3359,concrete
3360,tiled
3361,fine_concrete
3362,hard_tiles_large_space
3363,wood
3364,hard_tiles_large_space
3365,tiled
3366,concrete
3367,wood
3368,soft_tiles
3369,carpet
3370,fine_concrete
3371,hard_tiles_large_space
3372,tiled
3373,hard_tiles_large_space
3374,hard_tiles_large_space
3375,soft_pvc
3376,concrete
3377,tiled
3378,wood
3379,soft_tiles
3380,soft_pvc
3381,concrete
3382,concrete
3383,tiled
3384,wood
3385,concrete
3386,tiled
3387,soft_pvc
3388,tiled
3389,soft_tiles
3390,fine_concrete
3391,tiled
3392,tiled
3393,wood
3394,concrete
3395,soft_pvc
3396,carpet
3397,soft_tiles
3398,soft_tiles
3399,tiled
3400,soft_pvc
3401,soft_pvc
3402,soft_tiles
3403,hard_tiles_large_space
3404,hard_tiles_large_space
3405,tiled
3406,wood
3407,wood
3408,soft_pvc
3409,tiled
3410,tiled
3411,concrete
3412,wood
3413,soft_pvc
3414,tiled
3415,wood
3416,soft_tiles
3417,soft_pvc
3418,soft_pvc
3419,concrete
3420,soft_pvc
3421,wood
3422,carpet
3423,soft_pvc
3424,soft_pvc
3425,soft_pvc
3426,concrete
3427,hard_tiles_large_space
3428,tiled
3429,soft_pvc
3430,concrete
3431,wood
3432,tiled
3433,wood
3434,concrete
3435,soft_pvc
3436,fine_concrete
3437,fine_concrete
3438,soft_pvc
3439,tiled
3440,soft_pvc
3441,soft_tiles
3442,wood
3443,hard_tiles_large_space
3444,concrete
3445,wood
3446,soft_tiles
3447,tiled
3448,wood
3449,concrete
3450,soft_pvc
3451,concrete
3452,soft_pvc
3453,soft_pvc
3454,soft_pvc
3455,soft_pvc
3456,soft_tiles
3457,wood
3458,carpet
3459,fine_concrete
3460,wood
3461,soft_pvc
3462,soft_tiles
3463,hard_tiles_large_space
3464,hard_tiles_large_space
3465,concrete
3466,wood
3467,soft_pvc
3468,wood
3469,tiled
3470,hard_tiles_large_space
3471,wood
3472,hard_tiles_large_space
3473,concrete
3474,tiled
3475,tiled
3476,wood
3477,soft_tiles
3478,concrete
3479,soft_pvc
3480,soft_tiles
3481,hard_tiles_large_space
3482,soft_pvc
3483,wood
3484,tiled
3485,tiled
3486,soft_tiles
3487,soft_pvc
3488,soft_pvc
3489,concrete
3490,tiled
3491,soft_pvc
3492,soft_tiles
3493,soft_tiles
3494,tiled
3495,tiled
3496,soft_pvc
3497,soft_tiles
3498,tiled
3499,wood
3500,soft_tiles
3501,wood
3502,tiled
3503,wood
3504,hard_tiles_large_space
3505,wood
3506,hard_tiles_large_space
3507,hard_tiles_large_space
3508,hard_tiles_large_space
3509,soft_pvc
3510,hard_tiles_large_space
3511,soft_pvc
3512,wood
3513,fine_concrete
3514,soft_pvc
3515,soft_tiles
3516,wood
3517,tiled
3518,soft_tiles
3519,tiled
3520,wood
3521,soft_pvc
3522,soft_pvc
3523,tiled
3524,soft_pvc
3525,soft_pvc
3526,concrete
3527,soft_tiles
3528,soft_pvc
3529,tiled
3530,concrete
3531,concrete
3532,concrete
3533,tiled
3534,concrete
3535,tiled
3536,concrete
3537,hard_tiles_large_space
3538,tiled
3539,wood
3540,fine_concrete
3541,concrete
3542,soft_pvc
3543,tiled
3544,concrete
3545,soft_pvc
3546,soft_pvc
3547,concrete
3548,hard_tiles_large_space
3549,soft_tiles
3550,carpet
3551,wood
3552,fine_concrete
3553,soft_tiles
3554,concrete
3555,hard_tiles_large_space
3556,soft_tiles
3557,soft_pvc
3558,hard_tiles_large_space
3559,soft_pvc
3560,soft_tiles
3561,wood
3562,hard_tiles_large_space
3563,concrete
3564,soft_pvc
3565,soft_tiles
3566,concrete
3567,fine_concrete
3568,wood
3569,concrete
3570,tiled
3571,wood
3572,concrete
3573,soft_pvc
3574,concrete
3575,soft_tiles
3576,fine_concrete
3577,wood
3578,wood
3579,soft_pvc
3580,fine_concrete
3581,wood
3582,fine_concrete
3583,concrete
3584,concrete
3585,concrete
3586,wood
3587,soft_pvc
3588,soft_tiles
3589,tiled
3590,concrete
3591,tiled
3592,concrete
3593,tiled
3594,fine_concrete
3595,concrete
3596,soft_tiles
3597,carpet
3598,soft_tiles
3599,concrete
3600,tiled
3601,soft_tiles
3602,soft_pvc
3603,wood
3604,soft_tiles
3605,concrete
3606,concrete
3607,wood
3608,wood
3609,wood
3610,soft_tiles
3611,soft_tiles
3612,soft_tiles
3613,soft_pvc
3614,concrete
3615,wood
3616,hard_tiles_large_space
3617,soft_tiles
3618,soft_tiles
3619,soft_pvc
3620,tiled
3621,soft_pvc
3622,soft_tiles
3623,tiled
3624,soft_pvc
3625,tiled
3626,soft_tiles
3627,wood
3628,concrete
3629,concrete
3630,concrete
3631,soft_tiles
3632,concrete
3633,soft_tiles
3634,soft_pvc
3635,wood
3636,soft_tiles
3637,concrete
3638,concrete
3639,tiled
3640,concrete
3641,soft_tiles
3642,concrete
3643,soft_tiles
3644,concrete
3645,tiled
3646,concrete
3647,concrete
3648,soft_pvc
3649,hard_tiles_large_space
3650,tiled
3651,fine_concrete
3652,fine_concrete
3653,wood
3654,concrete
3655,soft_tiles
3656,concrete
3657,tiled
3658,concrete
3659,tiled
3660,soft_tiles
3661,wood
3662,concrete
3663,concrete
3664,soft_pvc
3665,tiled
3666,soft_pvc
3667,concrete
3668,hard_tiles_large_space
3669,concrete
3670,tiled
3671,fine_concrete
3672,concrete
3673,soft_pvc
3674,concrete
3675,fine_concrete
3676,soft_pvc
3677,hard_tiles_large_space
3678,hard_tiles_large_space
3679,soft_pvc
3680,tiled
3681,concrete
3682,tiled
3683,fine_concrete
3684,tiled
3685,tiled
3686,wood
3687,concrete
3688,tiled
3689,soft_tiles
3690,soft_tiles
3691,concrete
3692,hard_tiles_large_space
3693,soft_tiles
3694,soft_pvc
3695,fine_concrete
3696,soft_tiles
3697,tiled
3698,hard_tiles_large_space
3699,soft_tiles
3700,wood
3701,tiled
3702,soft_pvc
3703,soft_tiles
3704,soft_tiles
3705,hard_tiles_large_space
3706,soft_tiles
3707,wood
3708,concrete
3709,concrete
3710,hard_tiles_large_space
3711,tiled
3712,wood
3713,hard_tiles_large_space
3714,soft_tiles
3715,tiled
3716,soft_pvc
3717,concrete
3718,soft_pvc
3719,soft_pvc
3720,fine_concrete
3721,fine_concrete
3722,tiled
3723,hard_tiles_large_space
3724,soft_pvc
3725,soft_pvc
3726,hard_tiles_large_space
3727,soft_pvc
3728,soft_pvc
3729,concrete
3730,fine_concrete
3731,hard_tiles_large_space
3732,soft_pvc
3733,soft_pvc
3734,soft_pvc
3735,tiled
3736,soft_pvc
3737,concrete
3738,soft_pvc
3739,soft_pvc
3740,hard_tiles_large_space
3741,tiled
3742,hard_tiles_large_space
3743,concrete
3744,fine_concrete
3745,soft_pvc
3746,hard_tiles_large_space
3747,soft_tiles
3748,soft_tiles
3749,concrete
3750,soft_pvc
3751,hard_tiles_large_space
3752,concrete
3753,soft_tiles
3754,soft_tiles
3755,wood
3756,wood
3757,tiled
3758,soft_tiles
3759,wood
3760,tiled
3761,soft_pvc
3762,soft_tiles
3763,wood
3764,concrete
3765,soft_tiles
3766,soft_tiles
3767,tiled
3768,soft_tiles
3769,soft_pvc
3770,soft_tiles
3771,soft_pvc
3772,soft_tiles
3773,soft_pvc
3774,concrete
3775,concrete
3776,tiled
3777,soft_pvc
3778,tiled
3779,concrete
3780,soft_pvc
3781,concrete
3782,concrete
3783,soft_pvc
3784,concrete
3785,soft_pvc
3786,soft_pvc
3787,soft_tiles
3788,hard_tiles_large_space
3789,soft_tiles
3790,concrete
3791,tiled
3792,wood
3793,wood
3794,soft_pvc
3795,hard_tiles_large_space
3796,soft_pvc
3797,hard_tiles_large_space
3798,concrete
3799,carpet
3800,soft_tiles
3801,concrete
3802,soft_tiles
3803,fine_concrete
3804,fine_concrete
3805,fine_concrete
3806,tiled
3807,tiled
3808,soft_tiles
3809,soft_pvc
3810,soft_pvc
3811,concrete
3812,tiled
3813,soft_pvc
3814,soft_tiles
3815,soft_tiles
